"";"C1_2017.08";"C1_2018.02";"C1_2018.08";"C2_2017.08";"C2_2018.02";"C2_2018.08";"C3_2017.08";"C3_2018.02";"C3_2018.08";"C4_2017.08";"C4_2018.02";"C4_2018.08";"F1_2017.08";"F1_2018.02";"F1_2018.08";"F2_2017.08";"F2_2018.02";"F2_2018.08";"F3_2017.08";"F3_2018.02";"F3_2018.08";"F4_2017.08";"F4_2018.02";"F4_2018.08";"H1_2017.08";"H1_2018.02";"H1_2018.08";"H2_2017.08";"H2_2018.02";"H2_2018.08";"H3_2017.08";"H3_2018.02";"H3_2018.08";"H4_2017.08";"H4_2018.02";"H4_2018.08";"P1_2018.02";"P1_2018.08";"P2_2018.02";"P3_2018.02";"P4_2018.02"
"ASV_633_Pelagomonadaceae_clade_D1_sp.";0;0;31;0;0;83;0;0;35;0;0;41;0;0;22;0;0;6;0;0;20;0;0;11;3;0;4;0;0;13;2;0;8;8;0;7;0;2;0;0;0
"ASV_1907_Rhodomonas_sp.";0;5;0;0;1;0;0;0;0;0;0;0;0;0;0;0;13;0;0;3;0;0;0;0;0;3;0;0;6;0;0;3;0;0;2;0;7;0;4;0;0
"ASV_946_Minidiscus_variabilis";0;0;0;0;1;4;5;0;0;0;0;0;0;5;26;0;4;9;0;0;42;0;0;0;25;0;5;14;0;0;0;0;7;0;0;0;0;1;0;0;0
"ASV_276_Katablepharidales_XX_sp.";0;92;0;0;0;0;0;0;0;0;0;0;0;43;0;0;57;0;0;118;16;0;94;0;0;59;16;0;44;0;0;39;0;0;13;8;33;0;77;28;58
"ASV_1249_Non_Assigned";0;0;0;0;10;0;0;3;10;0;0;0;10;16;0;0;0;0;0;13;0;0;0;0;0;37;0;0;0;0;0;0;0;0;0;0;0;5;0;0;0
"ASV_501_Chloroparvula_pacifica";0;7;106;0;0;166;0;0;22;0;0;65;0;0;21;0;2;2;0;4;17;0;0;8;0;0;0;0;0;0;0;0;4;0;0;5;2;0;4;4;3
"ASV_443_Chlorodendrales_XX_sp.";0;0;0;0;0;47;0;0;0;0;0;0;0;0;0;0;0;0;0;0;5;0;0;5;316;0;0;0;0;0;0;0;0;0;0;0;0;54;0;0;0
"ASV_29_Chloroparvula_pacifica";0;164;334;0;60;551;0;68;176;0;31;145;0;46;796;21;88;291;0;30;982;0;86;236;40;53;78;0;29;84;34;34;117;0;44;607;349;63;207;91;170
"ASV_1403_Pelagomonas_calceolata";0;0;18;0;0;11;0;0;8;0;0;24;0;0;0;0;0;0;0;3;0;0;0;0;0;0;0;0;0;0;0;0;0;0;0;10;0;0;18;0;4
"ASV_736_Micromonas_pusilla";0;8;1;0;4;0;0;0;0;0;0;0;6;0;4;10;6;7;7;4;2;0;7;9;9;14;1;6;10;5;4;2;0;6;13;1;17;0;22;14;20
"ASV_539_Leucocryptos_marina";0;18;0;0;17;0;0;13;0;0;17;0;0;0;0;0;0;0;0;43;15;0;37;0;0;45;0;0;49;0;0;0;0;0;0;0;18;0;52;0;14
"ASV_109_Non_Assigned";0;26;0;0;0;0;0;0;0;0;0;0;0;0;68;0;0;0;0;0;0;0;19;0;0;60;0;0;79;0;0;134;0;0;86;0;391;17;357;546;464
"ASV_66_Teleaulax_gracilis";0;66;109;8;88;70;0;99;142;0;47;165;669;0;158;190;11;100;70;85;40;88;82;167;65;75;49;42;68;106;79;61;65;131;42;151;91;45;109;85;53
"ASV_606_Chrysochromulina_sp.";0;28;0;0;0;0;0;0;0;0;36;46;0;0;0;0;0;0;0;18;0;0;0;0;0;0;0;36;0;0;21;0;0;32;0;10;12;0;35;36;0
"ASV_10_Bathycoccus_prasinos";0;150;592;0;42;325;0;0;456;0;0;782;152;0;299;180;30;755;70;113;139;66;148;508;180;532;660;194;402;603;159;549;484;162;550;1060;783;49;849;513;723
"ASV_62_Pelagomonas_calceolata";0;24;549;0;18;249;0;0;382;0;0;670;0;0;38;78;0;112;22;45;4;22;58;68;39;32;157;37;61;150;64;21;119;133;25;275;210;12;187;137;143
"ASV_1997_Crustomastigaceae_X_sp.";0;0;2;0;2;0;0;0;0;0;0;0;0;0;2;2;2;0;0;1;0;0;2;2;0;7;2;1;1;0;0;1;3;5;4;0;1;0;3;1;1
"ASV_885_Micromonas_pusilla";0;2;0;0;1;0;0;0;0;0;0;0;9;3;6;11;2;3;3;3;3;0;5;4;7;13;3;2;5;1;2;6;0;6;5;3;13;0;16;19;13
"ASV_1631_Florenciellales_X_sp.";0;0;28;0;0;0;0;0;0;0;0;0;0;0;0;0;0;10;0;0;0;0;0;23;0;0;0;0;7;0;0;0;0;0;0;0;0;3;0;0;0
"ASV_593_Non_Assigned";0;0;24;0;0;105;0;0;38;0;0;29;0;0;32;0;0;7;0;0;33;0;0;13;3;0;4;0;0;8;7;0;12;8;0;12;0;8;0;0;0
"ASV_38_Phaeocystis_globosa";1883;90;76;0;85;31;30;185;132;47;186;145;249;0;0;213;56;36;78;54;0;0;0;0;693;34;31;470;0;35;112;24;0;158;30;116;0;68;67;0;0
"ASV_910_Triparma_pacifica";0;0;11;0;0;0;0;0;0;0;0;0;27;0;0;0;13;0;0;0;0;0;0;0;0;10;0;0;0;0;0;82;0;0;0;0;0;0;0;0;3
"ASV_106_Pelagomonadales_clade_B1_sp.";0;5;275;0;1;143;0;0;363;0;0;655;0;0;38;11;0;66;17;13;7;0;5;48;5;9;131;4;7;132;10;9;92;23;7;261;24;15;35;26;24
"ASV_455_Haptolina_sp.";0;13;68;0;0;0;0;18;82;0;24;53;21;0;0;0;8;0;0;17;0;0;7;0;35;0;0;17;0;0;0;58;0;0;18;0;0;0;27;0;0
"ASV_235_Crustomastigaceae_X_sp.";0;0;0;0;0;16;0;0;74;0;0;75;0;0;25;0;0;0;0;0;0;0;0;35;0;70;38;0;62;51;0;54;36;0;64;88;60;0;84;80;77
"ASV_722_Chloroparvula_pacifica";0;4;11;0;0;20;0;0;5;0;0;8;0;0;36;0;1;13;0;5;32;0;0;15;0;0;8;0;0;6;0;0;9;0;0;26;15;6;6;4;6
"ASV_1431_Brockmanniella_brockmannii";0;0;0;0;0;0;0;0;10;0;0;0;0;0;7;0;0;0;0;5;17;0;0;0;0;0;0;0;0;0;9;0;0;0;4;0;4;16;6;5;5
"ASV_157_Pelagomonadales_clade_B1_sp.";0;2;183;0;1;83;0;0;248;0;0;407;0;0;19;8;0;57;0;5;6;0;5;32;3;8;63;6;0;85;4;0;61;15;7;155;26;6;18;2;21
"ASV_37_Micromonas_commoda_A2";0;44;73;0;5;48;0;2;116;0;1;178;57;6;59;97;14;128;28;45;34;10;31;138;75;339;207;94;362;201;105;601;162;195;431;332;295;0;283;179;286
"ASV_834_Chrysochromulina_sp.";0;0;58;0;0;0;0;0;1;0;0;0;6;0;0;14;9;0;0;4;0;0;5;0;6;28;0;5;8;0;9;8;0;0;12;0;0;0;0;15;0
"ASV_2113_Rhizosolenia_imbricata";0;8;0;0;2;0;0;1;0;0;6;0;0;4;0;0;3;0;0;6;0;0;4;0;0;2;0;0;1;0;0;0;0;0;0;0;0;1;0;0;0
"ASV_1166_Non_Assigned";0;0;0;0;14;0;0;8;36;0;4;0;0;8;5;0;12;0;0;0;0;0;0;4;0;0;0;0;0;0;0;0;0;0;0;16;0;12;0;0;0
"ASV_86_Chloroparvula_pacifica";0;41;334;0;7;724;0;0;131;0;29;181;0;12;237;8;22;72;0;11;280;0;0;98;0;0;25;20;14;32;0;14;41;0;0;228;111;15;83;35;69
"ASV_1436_Micromonas_bravo_B2";0;0;0;0;0;0;0;0;5;0;0;7;0;0;0;0;0;0;0;0;0;0;0;3;0;0;2;0;0;8;0;4;1;0;0;7;12;0;14;11;9
"ASV_218_Guinardia_delicatula";4;14;0;6;41;11;239;90;0;10;79;28;0;154;0;0;62;0;0;24;0;0;15;0;0;6;0;0;0;0;0;0;0;0;0;0;0;288;0;0;0
"ASV_2202_Non_Assigned";0;0;4;0;0;0;0;0;0;0;0;0;0;0;5;0;0;4;0;0;0;0;0;0;2;0;0;0;0;0;0;0;0;0;8;4;0;1;0;0;0
"ASV_78_Chloroparvula_pacifica";0;54;392;19;16;725;30;0;173;0;23;177;0;14;248;0;32;80;0;11;332;0;0;86;0;0;40;0;24;24;0;33;46;61;21;206;130;12;95;45;94
"ASV_1317_Chrysochromulina_sp.";0;6;0;0;0;0;0;0;0;0;0;0;0;8;0;0;0;0;0;0;0;39;0;0;7;0;0;10;3;0;3;6;0;0;3;1;0;7;0;0;0
"ASV_642_Florenciella_parvula";30;0;40;0;0;11;0;17;0;0;0;0;0;0;0;0;0;0;0;0;0;0;0;35;0;0;0;13;48;0;0;21;0;0;0;0;0;4;0;15;21
"ASV_537_Hemiselmis_sp._nucl";0;0;0;0;83;0;0;0;0;0;111;0;0;0;0;0;0;0;0;19;0;0;0;0;0;0;0;0;0;0;0;45;0;0;43;0;33;0;26;0;0
"ASV_1295_Florenciellales_X_sp.";0;0;0;0;0;2;0;0;0;0;0;0;0;0;0;0;0;1;0;0;0;0;0;5;0;0;0;0;31;0;0;18;0;0;0;0;0;3;14;5;12
"ASV_60_Pycnococcaceae_X_sp.";0;650;0;0;258;71;82;130;32;53;161;0;52;96;129;272;146;30;151;113;265;176;75;79;44;89;0;0;109;0;0;65;50;42;69;46;89;116;82;41;64
"ASV_58_Phaeocystis_globosa";1406;73;53;53;68;22;0;132;112;0;164;86;171;0;0;158;0;0;47;29;0;81;37;0;460;0;57;364;0;30;104;0;24;149;0;79;57;32;0;0;29
"ASV_23_Micromonas_bravo_B1";188;234;37;0;38;19;0;66;61;0;176;94;313;42;31;446;26;74;204;38;22;64;47;89;172;472;53;214;393;59;211;659;54;273;664;85;419;9;386;328;459
"ASV_1173_Micromonas_bravo_B2";0;0;0;0;0;0;0;0;12;0;0;2;0;0;0;0;0;0;0;0;0;0;0;5;0;0;7;0;0;2;0;6;5;0;0;8;10;0;23;24;14
"ASV_471_Chrysophyceae_Clade-H_X_sp.";0;17;0;0;0;0;0;0;21;0;0;30;0;0;0;0;64;22;0;81;0;0;49;23;0;0;0;0;15;0;0;22;0;0;34;0;0;0;20;0;0
"ASV_300_Chloroparvula_pacifica";0;43;33;0;13;48;0;0;20;0;16;15;0;16;67;0;21;17;0;20;75;0;0;30;0;0;4;0;11;2;0;4;8;0;0;40;108;16;69;20;45
"ASV_193_Aureococcus_anophagefferens";0;3;106;0;0;57;0;0;188;0;0;227;0;0;28;2;0;45;2;1;8;0;2;25;0;16;46;1;3;81;3;16;58;12;11;175;27;7;54;30;32
"ASV_50_Plagioselmis_prolonga";0;41;164;0;0;85;0;0;64;0;0;110;376;0;175;172;31;137;0;226;66;0;186;310;46;97;124;68;168;120;137;125;203;197;83;173;104;41;211;252;93
"ASV_1364_Chrysophyceae_Clade-H_X_sp.";0;0;20;0;0;0;0;0;0;0;0;0;0;0;0;0;0;22;0;0;0;0;0;0;0;0;0;0;0;0;0;0;0;0;0;8;0;51;0;0;0
"ASV_2062_Florenciellales_X_sp.";0;0;0;0;0;0;0;0;5;0;0;4;0;0;0;3;0;2;0;0;0;0;2;0;0;0;6;0;0;0;0;0;0;2;0;0;21;0;0;0;0
"ASV_118_Teleaulax_sp.";0;29;91;0;47;52;0;0;124;0;4;126;48;0;80;49;26;86;24;46;44;11;42;121;28;44;48;18;38;63;92;71;68;103;60;90;65;4;141;107;89
"ASV_1363_Micromonas_pusilla";0;4;2;0;0;0;0;0;0;0;0;0;6;0;4;1;0;2;1;0;3;0;3;4;1;4;0;1;4;0;4;2;0;5;4;2;6;0;14;6;7
"ASV_192_Chloroparvula_pacifica";0;48;57;0;14;92;0;0;22;0;17;24;0;18;98;0;38;25;0;29;118;0;31;45;0;30;13;0;22;9;0;7;19;0;32;72;116;11;84;42;91
"ASV_725_Chrysophyceae_Clade-H_X_sp.";13;18;0;0;0;0;0;0;17;0;0;22;9;0;0;0;0;16;0;31;0;0;15;14;0;0;0;0;0;0;0;0;0;0;0;1;0;81;0;0;0
"ASV_167_Katablepharidales_XX_sp.";0;171;28;0;72;12;0;0;66;0;0;40;0;70;14;0;35;31;0;129;0;0;141;12;0;98;0;0;57;23;0;38;39;0;0;0;60;0;108;34;97
"ASV_94_Pycnococcaceae_X_sp.";0;453;0;0;191;0;45;107;0;0;149;0;0;71;128;208;89;61;110;82;142;106;51;73;47;0;0;31;0;27;71;42;0;44;50;0;0;83;59;32;31
"ASV_71_Chaetoceros_debilis";0;90;0;0;1075;0;0;242;0;0;427;0;0;834;0;0;616;0;0;59;0;0;83;0;0;0;0;0;74;0;0;13;0;0;0;0;0;0;9;0;0
"ASV_2520_Rhizosolenia_delicatula";0;0;0;0;2;0;0;0;0;0;0;0;0;6;0;0;0;0;0;0;0;0;0;0;0;0;0;0;0;0;0;0;0;0;0;13;0;5;0;0;0
"ASV_40_Pelagomonas_calceolata";0;26;775;0;16;354;0;5;578;0;0;874;71;26;51;85;61;149;0;46;16;0;74;106;64;31;190;46;0;230;88;24;144;222;30;388;264;10;226;170;180
"ASV_33_Micromonas_commoda_A2";0;30;84;0;2;37;0;2;115;0;0;184;74;13;81;96;28;142;40;42;49;4;33;143;83;359;221;118;350;218;116;549;201;193;480;330;337;29;306;222;343
"ASV_152_Aureococcus_anophagefferens";0;6;171;0;0;81;0;0;179;0;0;249;1;0;17;1;2;65;0;7;15;0;2;49;1;16;81;5;0;91;8;9;38;10;21;221;43;9;73;32;34
"ASV_59_Picochlorum_sp.";20;0;0;0;0;0;22;0;47;32;0;0;0;8;544;65;0;131;70;0;817;100;0;208;65;0;0;0;0;34;66;0;20;0;75;76;492;280;440;147;251
"ASV_1560_Rhodomonas_sp.";0;10;0;0;0;0;0;10;0;0;0;0;0;0;0;0;6;0;0;4;0;0;0;0;0;5;0;0;5;0;0;8;0;0;9;0;4;0;4;1;0
"ASV_323_Chrysochromulina_sp.";0;81;61;0;19;0;0;7;40;0;9;73;65;0;0;0;30;0;0;28;0;0;42;0;8;0;0;18;0;0;0;76;0;0;48;42;0;0;77;0;0
"ASV_89_Teleaulax_gracilis";0;51;85;0;69;59;0;0;108;0;37;117;550;12;105;127;6;58;64;50;32;65;67;119;46;48;56;26;52;71;80;46;44;115;34;93;68;32;81;67;41
"ASV_2990_Chrysophyceae_Clade-H_X_sp.";0;0;0;0;0;0;0;0;0;0;3;0;0;4;0;0;0;1;0;0;1;0;0;0;0;0;0;0;0;0;0;0;0;0;1;0;0;0;0;4;5
"ASV_13_Bathycoccus_prasinos";0;135;499;0;32;256;0;0;404;0;0;652;113;0;248;162;53;574;46;82;91;0;100;392;134;414;462;148;360;466;128;528;339;122;393;720;636;0;690;398;634
"ASV_1004_Pelagomonadaceae_clade_C_sp.";0;21;3;0;38;3;0;0;2;0;10;0;0;0;4;1;0;3;0;9;0;0;9;4;1;0;0;1;0;5;6;0;3;2;0;5;3;0;0;0;0
"ASV_205_Aureococcus_anophagefferens";0;3;119;0;0;62;0;0;152;0;0;172;0;0;22;1;0;55;2;8;7;0;8;32;2;8;44;4;14;80;4;15;41;11;13;221;30;5;28;21;32
"ASV_1092_Pelagomonas_calceolata";0;0;26;0;0;10;0;0;17;0;0;23;0;0;0;0;0;0;0;10;0;0;0;0;0;0;0;0;0;0;0;0;0;0;0;20;0;0;10;0;5
"ASV_597_Chloropicon_sieburthii";0;0;37;0;0;25;0;0;23;0;0;43;0;0;41;0;0;18;0;0;67;0;0;19;0;0;0;0;0;0;0;0;25;15;0;0;0;16;0;0;0
"ASV_404_Chloroparvula_pacifica";0;9;32;0;0;36;0;0;16;0;0;12;0;0;67;0;11;21;0;10;81;0;0;38;0;0;6;0;4;12;0;0;8;0;0;60;18;7;25;11;15
"ASV_52_Ostreococcus_lucimarinus";0;85;133;0;0;55;0;0;20;0;0;26;26;0;71;16;15;182;0;43;37;0;27;86;210;288;232;240;266;210;220;260;202;192;290;217;137;17;155;80;108
"ASV_115_Minutocellus_polymorphus";0;0;0;0;0;0;0;0;36;0;0;0;19;0;30;0;0;0;0;32;48;0;0;0;0;0;0;0;22;0;10;101;0;0;85;0;393;36;328;500;456
"ASV_446_Cylindrotheca_closterium";0;44;0;0;0;0;0;67;0;0;62;0;0;0;0;0;27;0;0;22;0;0;21;0;0;49;0;0;0;0;0;0;0;0;0;0;36;0;50;55;0
"ASV_2_Ostreococcus_lucimarinus";0;1835;2814;0;313;1538;0;26;566;0;26;601;421;152;1654;442;436;3791;257;690;782;64;722;2036;4297;6515;4634;4797;5514;4480;4180;6451;4712;4587;6186;4430;3303;304;3071;2339;2917
"ASV_1347_Pelagomonadaceae_clade_C_sp.";0;10;2;0;31;3;0;0;1;0;0;0;0;0;1;2;5;1;0;8;0;0;6;2;3;0;0;1;0;1;0;0;0;2;0;2;2;0;0;0;0
"ASV_31_Plagioselmis_prolonga";0;44;251;0;56;121;0;0;107;0;0;138;490;100;231;184;65;173;0;275;102;0;254;411;73;111;194;69;262;178;201;155;256;203;138;295;167;59;290;325;127
"ASV_49_Phaeocystis_globosa";1446;73;53;28;58;51;0;119;108;0;165;104;219;63;35;165;0;0;50;62;17;21;71;54;488;0;34;352;45;50;128;0;72;144;0;77;0;40;0;28;0
"ASV_82_Pelagomonadales_clade_B1_sp.";0;6;377;0;0;172;0;9;487;0;0;864;14;0;39;6;0;117;0;8;9;0;4;58;7;9;137;8;0;139;15;8;107;23;9;357;41;11;39;37;26
"ASV_44_Plagioselmis_prolonga";0;0;182;0;0;93;0;0;77;0;0;82;332;0;198;117;62;142;0;259;76;0;217;358;61;120;151;47;163;178;156;120;170;154;112;219;105;35;233;252;109
"ASV_1862_Crustomastigaceae_X_sp.";0;0;0;0;4;0;0;0;0;0;0;0;0;2;0;1;0;0;0;0;3;0;0;1;0;12;1;2;1;3;0;0;4;2;3;4;2;0;2;1;0
"ASV_985_Non_Assigned";0;0;0;0;31;0;0;6;8;0;0;0;14;30;0;0;31;0;0;0;0;0;0;0;16;0;0;0;0;0;0;0;0;0;0;0;0;10;0;0;0
"ASV_668_Pelagomonadaceae_clade_C_sp.";0;23;8;0;60;7;0;14;2;0;0;0;0;29;1;6;33;1;0;23;0;0;7;1;3;0;0;1;0;4;8;0;4;4;0;4;15;0;0;0;0
"ASV_255_Katablepharidales_XX_sp.";0;107;0;0;0;9;0;0;0;0;0;0;0;0;10;0;68;0;0;146;0;0;99;14;0;71;0;0;35;0;0;32;0;0;48;0;42;0;70;29;72
"ASV_30_Picochlorum_sp.";0;0;88;28;0;79;27;0;0;0;0;63;0;0;748;57;0;225;97;9;1268;106;0;309;81;75;74;82;91;41;0;62;0;104;53;121;610;391;621;176;306
"ASV_2680_Brockmanniella brockmannii";0;5;0;0;0;0;0;0;0;0;0;0;0;0;1;0;0;0;0;0;0;0;0;0;0;0;0;0;0;0;0;6;0;0;5;0;1;3;1;2;0
"ASV_1312_Brockmanniella brockmannii";0;5;0;0;5;0;0;0;0;0;0;0;0;0;0;0;5;13;0;0;0;0;0;15;7;0;0;0;0;0;0;4;21;0;5;0;5;0;8;0;7
"ASV_144_Chaetoceros_tenuissimus";45;37;0;0;80;0;0;634;104;0;537;0;50;23;0;0;0;16;0;0;0;0;0;0;10;17;0;0;0;0;0;0;0;0;0;0;0;0;0;0;12
"ASV_1171_Non_Assigned";0;0;0;0;21;0;0;5;10;0;0;0;21;16;0;0;19;0;0;0;0;0;0;0;0;0;0;0;0;0;0;0;0;0;21;0;0;5;0;0;0
"ASV_690_Chloroparvula_pacifica";0;5;74;0;0;104;0;0;18;0;0;27;0;0;12;0;2;4;0;0;12;0;0;5;0;0;0;0;0;0;0;0;1;0;0;5;0;0;8;0;1
"ASV_510_Chloroparvula_pacifica";0;8;18;0;0;45;0;0;12;0;0;7;0;0;57;0;4;13;0;6;53;0;0;27;0;0;7;0;0;9;0;0;12;0;0;42;18;1;21;7;12
"ASV_14_Bathycoccus_prasinos";0;114;419;0;36;218;0;0;388;0;46;562;110;34;187;191;35;531;57;87;85;0;94;381;140;409;394;164;341;420;139;436;384;79;392;714;562;36;587;383;571
"ASV_412_Paraphysomonas_imperforata";0;0;0;0;0;0;0;12;26;0;18;34;0;0;0;23;0;37;0;0;51;0;0;151;16;0;0;44;0;0;51;0;0;0;0;0;0;40;0;0;0
"ASV_63_Ostreococcus_lucimarinus";0;57;94;0;0;60;0;0;16;0;0;13;12;0;67;20;15;138;0;26;36;0;24;88;197;294;228;219;224;193;181;226;188;195;259;165;142;11;142;106;118
"ASV_1241_Chrysochromulina_sp.";0;0;15;0;0;0;0;0;3;0;0;3;1;0;0;2;17;19;0;0;0;0;0;1;1;7;0;4;0;0;1;0;5;3;8;0;0;0;0;8;0
"ASV_4_Ostreococcus_lucimarinus";0;1640;2632;0;303;1502;0;0;508;19;71;536;421;174;1540;446;388;3469;200;603;699;67;624;1941;4059;5915;4322;4670;5105;4293;3948;5789;4337;4099;5946;4016;3018;285;2763;2032;2700
"ASV_2601_Chloroparvula_B3_sp.";0;0;2;0;0;2;0;0;0;0;0;2;0;0;0;0;0;4;0;0;7;2;0;0;0;0;0;0;0;4;0;0;0;0;0;1;0;3;0;0;0
"ASV_3447_Chrysophyceae_Clade-H_X_sp.";0;0;5;0;0;0;0;0;0;0;0;0;0;0;0;0;0;2;0;0;0;0;0;0;0;0;0;0;0;0;0;0;0;0;0;6;0;2;0;0;0
"ASV_1388_Chloropicon_roscoffensis";0;0;0;0;0;7;0;0;0;0;0;0;0;7;11;16;0;0;0;0;12;19;0;0;0;0;0;0;0;0;0;0;0;0;0;6;0;4;8;0;0
"ASV_181_Chloropicon_laureae";0;42;38;0;0;39;18;0;21;0;0;9;0;16;321;26;0;75;0;15;350;15;0;123;32;0;0;0;0;29;0;0;23;27;0;28;9;40;0;0;0
"ASV_535_Chrysophyceae_Clade-H_X_sp.";0;39;0;0;0;0;0;0;39;0;0;16;0;0;0;0;45;36;0;68;0;0;61;22;0;0;0;0;0;0;0;6;0;0;0;0;0;35;0;0;0
"ASV_314_Chrysophyceae_Clade-H_X_sp.";0;29;28;0;32;0;0;14;0;0;61;26;0;43;37;0;76;62;0;93;27;0;88;33;0;6;0;0;0;0;0;0;0;0;0;0;0;58;0;0;0
"ASV_1054_Hemiselmis_sp._nucl";0;0;0;0;20;0;0;0;0;0;18;0;0;0;0;0;0;0;0;0;0;0;26;0;0;28;0;0;0;0;0;0;0;0;0;0;0;0;30;0;0
"ASV_1_Ostreococcus_lucimarinus";0;2284;3755;0;404;2178;0;32;658;0;0;706;523;219;2241;613;512;5006;322;769;1000;84;878;2823;5764;8612;6171;6312;7445;5990;5719;8129;6106;5858;8603;5802;4259;363;3971;2936;3795
"ASV_1164_Pelagomonadaceae_clade_C_sp.";0;16;0;0;33;5;0;0;1;0;0;0;0;0;1;2;0;0;0;9;0;10;7;2;0;0;0;3;0;5;3;0;0;5;0;0;7;0;0;0;0
"ASV_35_Ostreococcus_lucimarinus";0;93;156;0;0;80;0;0;18;0;0;36;27;0;83;30;19;182;0;37;35;0;38;138;258;392;287;312;323;276;273;328;271;260;387;265;221;10;193;165;169
"ASV_77_Minutocellus_polymorphus";0;109;0;0;57;0;0;58;0;0;33;0;0;0;0;39;25;35;0;0;0;0;0;76;0;0;0;0;0;0;0;149;14;0;164;0;508;0;454;771;612
"ASV_1091_Pelagomonas_calceolata";0;0;29;0;0;6;0;0;23;0;0;35;0;0;0;0;0;0;0;2;0;0;0;0;0;0;0;0;0;0;0;0;0;0;0;13;0;0;18;0;11
"ASV_452_Chloroparvula_pacifica";0;7;39;0;0;53;0;0;18;0;0;16;0;0;75;0;5;37;0;2;59;0;0;27;0;0;8;0;5;2;0;0;13;0;0;46;12;6;14;8;11
"ASV_99_Teleaulax_gracilis";0;35;121;0;50;61;0;0;75;0;32;95;471;0;95;136;17;70;50;45;29;83;52;105;41;48;39;36;46;65;89;37;55;92;29;106;74;28;64;64;49
"ASV_126_Detonula_pumila";0;0;0;0;0;0;0;0;1;0;0;3;0;0;2;0;0;0;0;0;0;0;0;0;21;0;0;30;0;0;0;0;0;18;0;0;0;1913;0;0;0
"ASV_51_Picochlorum_sp.";0;0;0;0;0;0;42;0;0;0;0;0;0;0;588;78;0;161;74;0;884;81;0;229;68;0;0;0;0;0;29;42;69;0;29;79;537;307;489;178;263
"ASV_577_Chlorodendrales_XX_sp.";0;0;0;0;0;0;0;0;0;0;0;14;0;0;13;0;0;0;0;0;0;0;0;0;262;0;0;0;0;0;0;0;0;0;0;0;0;27;0;0;0
"ASV_465_Parmales_env_3B_sp.";0;23;0;0;0;0;0;0;14;0;0;0;0;0;20;0;0;45;0;0;13;0;68;39;32;0;0;0;26;36;0;0;0;33;0;35;0;32;0;0;0
"ASV_298_Aureococcus_anophagefferens";0;3;71;0;0;26;0;0;77;0;0;135;0;0;12;2;0;47;0;4;10;0;6;31;0;12;38;0;0;51;7;0;43;5;18;113;22;6;21;21;27
"ASV_83_Teleaulax_sp.";0;68;105;0;30;61;0;6;162;0;4;165;49;0;117;78;16;119;26;51;33;8;46;182;24;43;57;38;66;102;100;109;79;150;78;153;79;17;196;165;142
"ASV_140_Pycnococcaceae_X_sp.";0;300;33;0;121;0;44;82;0;18;75;36;0;65;73;152;60;0;75;50;117;92;33;47;0;0;30;0;19;0;0;32;0;0;0;0;0;49;40;0;16
"ASV_18_Rhizosolenia_delicatula";64;157;0;26;449;12;1274;3554;0;42;2407;25;0;90;0;0;13;0;0;9;0;0;9;0;0;13;0;0;0;0;0;0;0;0;0;0;0;2;0;0;0
"ASV_15_Micromonas_bravo_B1";234;340;49;0;52;33;0;89;72;0;218;130;434;0;50;587;31;108;204;37;34;97;53;134;285;657;64;323;518;73;254;815;60;347;841;105;484;17;575;414;592
"ASV_21_Micromonas_commoda_A2";0;47;100;0;6;71;0;4;167;0;5;284;86;0;92;125;31;188;46;52;59;5;45;185;113;513;300;147;501;304;178;686;276;230;686;403;426;57;400;285;393
"ASV_1480_Triparma_laevis_clade";0;0;10;0;0;0;0;0;0;0;0;0;12;0;0;0;7;0;0;0;0;0;0;0;0;16;0;0;0;0;0;13;0;0;0;0;0;0;0;0;15
"ASV_2201_Rhodomonas_sp.";0;3;0;0;0;0;0;0;0;0;0;0;0;2;0;0;0;0;0;2;0;0;0;0;0;6;0;0;4;0;0;2;0;0;2;0;5;0;3;0;0
"ASV_26_Micromonas_bravo_B1";181;221;19;23;89;16;24;66;63;0;153;71;344;10;46;344;14;79;161;34;29;57;45;90;161;424;64;220;370;39;198;543;50;261;622;64;352;0;419;299;442
"ASV_359_Ostreococcus_lucimarinus";0;0;61;0;0;0;0;0;0;0;0;0;0;0;0;0;0;48;0;0;0;0;0;51;0;51;0;0;0;111;0;0;104;0;63;0;0;0;41;25;30
"ASV_116_Pelagomonadales_clade_B1_sp.";0;3;268;0;2;140;0;0;381;0;0;584;0;0;34;5;0;79;3;6;14;0;4;58;4;6;101;5;12;142;5;3;61;15;6;254;37;12;35;17;22
"ASV_576_Parmales_env_3A_sp.";0;0;0;0;0;7;0;0;0;0;0;82;40;0;6;0;14;25;0;41;0;8;12;0;0;0;28;0;0;0;0;0;0;11;0;19;0;54;0;0;0
"ASV_84_Pycnococcaceae_X_sp.";20;517;0;25;238;0;48;97;0;0;123;0;0;74;126;206;94;38;114;86;163;139;63;49;68;0;0;0;0;0;26;43;0;73;87;0;0;84;51;72;33
"ASV_2098_Crustomastigaceae_X_sp.";0;0;0;0;1;0;0;0;0;0;0;0;0;0;1;0;3;1;0;0;2;0;0;0;0;1;0;3;3;1;0;1;0;5;2;3;1;0;2;1;4
"ASV_382_Chloroparvula_pacifica";0;5;136;0;0;220;0;6;27;0;0;70;0;0;32;0;4;7;0;2;46;0;0;15;0;0;0;0;0;0;0;0;1;0;0;11;2;0;8;2;4
"ASV_56_Chloroparvula_pacifica";0;124;269;0;35;426;0;0;121;0;27;107;0;22;609;13;57;216;0;22;702;0;0;176;0;0;81;0;23;52;0;37;83;0;0;389;209;44;173;51;137
"ASV_835_Pelagomonas_calceolata";0;0;40;0;0;25;0;0;20;0;0;35;0;0;0;0;0;0;0;8;0;0;0;0;0;0;0;0;0;0;0;0;0;0;0;41;0;0;12;0;13
"ASV_112_Teleaulax_sp.";0;50;87;0;24;50;0;0;125;0;3;141;35;3;74;76;13;70;21;49;31;5;24;137;24;18;57;22;60;53;78;82;61;116;57;132;63;13;169;114;100
"ASV_3445_Guinardia_solstherfothii";0;1;0;0;1;0;0;0;0;0;0;0;0;0;0;0;3;0;0;0;0;0;0;0;0;0;0;0;0;0;0;0;0;0;2;0;0;0;0;2;0
"ASV_353_Chrysochromulina_sp.";0;29;0;0;49;0;0;71;0;0;47;0;70;0;29;78;0;0;15;0;11;0;0;0;44;0;0;0;28;19;31;26;0;48;0;0;0;0;0;0;24
"ASV_274_Guinardia_delicatula";4;13;0;0;34;0;204;63;38;0;60;0;29;105;4;0;53;0;0;25;0;0;5;6;0;0;0;0;0;0;0;0;4;0;0;0;0;195;0;0;0
"ASV_1152_Minidiscus_variabilis";0;0;0;0;3;1;3;0;0;0;0;0;0;1;43;0;1;0;23;0;0;28;0;12;0;0;0;0;0;0;0;0;0;0;0;9;0;2;0;0;0
"ASV_502_Pelagomonadaceae_clade_D1_sp.";0;0;33;0;0;104;0;0;49;0;0;46;0;0;42;0;0;8;0;0;39;0;0;18;2;0;1;0;0;12;4;0;21;10;0;12;0;8;0;0;0
"ASV_499_Chloroparvula_pacifica";0;1;92;0;0;170;0;0;31;0;0;53;0;0;19;0;5;8;0;4;35;0;0;7;0;0;0;0;0;0;0;0;0;0;0;1;7;0;1;1;4
"ASV_872_Chrysochromulina_sp.";0;0;0;0;0;0;0;0;2;0;0;7;0;0;0;0;0;7;0;0;0;0;0;15;2;23;7;4;10;4;1;13;22;3;21;8;0;0;0;4;0
"ASV_1231_Florenciella_parvula";0;0;0;0;0;0;0;0;50;0;0;31;0;0;0;8;0;0;0;0;0;0;0;0;0;0;16;0;0;0;0;0;0;13;0;0;9;0;0;0;0
"ASV_252_Chloroparvula_pacifica";0;40;32;0;11;64;0;0;28;0;15;26;0;11;62;0;22;24;0;16;116;0;0;31;0;0;10;0;22;11;0;13;13;0;19;55;117;11;67;25;58
"ASV_1218_Chrysophyceae_Clade-H_X_sp.";0;0;0;0;13;0;0;0;4;0;0;14;0;0;8;0;0;11;0;0;14;0;0;4;0;0;0;0;0;0;0;0;0;0;0;1;0;38;0;0;0
"ASV_65_Chloroparvula_pacifica";0;60;465;0;12;956;0;0;151;0;19;244;0;14;296;12;33;97;0;10;396;0;0;83;38;27;40;0;21;36;0;20;68;0;31;270;148;15;104;60;108
"ASV_53_Pelagomonas_calceolata";0;24;573;0;22;283;0;0;451;0;23;638;0;0;44;53;0;119;28;37;14;0;71;73;43;27;143;35;35;175;79;49;151;183;23;300;243;6;197;161;153
"ASV_413_Leucocryptos_marina";0;19;22;0;25;0;0;0;0;0;0;0;0;26;0;0;55;18;0;66;0;0;61;41;0;0;0;0;0;0;0;34;0;0;22;0;36;0;0;33;22
"ASV_906_Micromonas_pusilla";0;1;3;0;5;0;0;0;0;0;0;0;7;2;2;3;0;4;5;4;3;0;4;10;5;6;0;1;11;3;1;3;0;4;6;6;20;0;13;17;12
"ASV_783_Leucocryptos_marina";0;22;0;0;0;0;0;0;0;0;0;25;0;0;15;0;0;20;0;34;0;0;37;0;0;17;0;0;0;0;0;0;0;0;0;0;0;0;0;0;20
"ASV_1254_Prymnesiophyceae_Clade_D_XX_sp.";0;0;25;0;0;0;0;0;0;0;0;0;0;0;0;0;0;10;0;0;0;0;0;0;0;0;28;0;0;0;0;0;11;0;0;18;0;0;0;10;0
"ASV_28_Rhizosolenia_delicatula";42;103;0;0;304;0;920;2497;57;0;1769;0;0;65;0;0;7;0;0;3;0;0;3;0;0;0;0;0;0;0;0;0;16;0;0;0;0;2;0;0;0
"ASV_131_Thalassiosira_tenera";0;0;27;0;0;55;0;0;236;0;0;129;58;0;18;0;0;33;0;0;31;0;0;0;24;0;61;0;0;69;0;0;64;0;0;0;0;1114;0;0;0
"ASV_1405_Chrysochromulina_sp.";0;0;0;0;0;0;0;0;1;0;0;1;0;0;0;9;0;0;0;2;0;0;3;0;17;0;0;4;17;0;5;8;0;0;0;0;0;0;20;0;0
"ASV_1153_Micromonas_bravo_B2";0;0;0;0;0;0;0;0;11;0;0;13;0;0;0;0;0;0;0;0;0;0;0;4;0;0;5;0;0;2;0;7;4;0;0;11;11;0;17;8;29
"ASV_1694_Chrysochromulina_sp.";0;0;0;0;0;14;0;0;0;0;0;0;0;22;0;0;0;0;0;0;0;14;0;0;0;0;0;0;0;1;0;0;0;4;8;0;0;2;0;0;0
"ASV_48_Chloroparvula_pacifica";0;115;304;0;30;392;0;0;125;0;15;110;0;26;587;0;46;194;46;28;695;64;0;172;0;0;68;0;73;47;0;57;99;0;33;455;266;46;154;60;143
"ASV_806_Hemiselmis_sp._nucl";0;0;0;0;0;0;0;0;0;0;46;0;0;13;0;0;0;0;0;0;0;0;18;0;0;17;0;0;43;0;0;0;0;0;0;0;0;0;0;26;12
"ASV_969_Thalassiosira_rotula";53;0;0;6;6;0;4;1;10;1;3;9;0;1;0;0;0;0;0;0;0;0;0;0;11;0;0;26;0;0;0;0;0;0;0;0;0;15;0;0;0
